101-Iს	სულ:147;მომხრე:101;არესწრება:46;წინააღმდეგი:0;კვორუმი:74;გადაწყვეტილებამიღებულია 
1014-Iს	სულ:150;მომხრე:91;არესწრება:59;წინააღმდეგიგადაწყვეტილებამიღებულია 
1015-Iს	სულ:150;მომხრე:94;არესწრება:56;წინააღმდეგი:0;გადაწყვეტილებამიღებულია 
1016-Iს	სულ:150;მომხრე:87;არესწრება:63;წინააღმდეგი:0;გადაწყვეტილებამიღებულია 
1017-Iს	სულ:150;მომხრე:89;არესწრება:61;წინააღმდეგი:0;გადაწყვეტილებამიღებულია 
1018-Iს	სულ:150;მომხრე:93;არესწრება:57;წინააღმდეგი:0;გადაწყვეტილებამიღებულია 
1019-Iს	სულ:150;მომხრე:93;არესწრება:57;წინააღმდეგი:0;გადაწყვეტილებამიღებულია 
1020-Iს	სულ:150;მომხრე:92;არესწრება:58;წინააღმდეგი:0;გადაწყვეტილებამიღებულია 
1021-Iს	სულ:150;მომხრე:92;არესწრება:58;წინააღმდეგი:0;გადაწყვეტილებამიღებულია 
1022-Iს	სულ:150;მომხრე:92;არესწრება:58;წინააღმდეგი:0;გადაწყვეტილებამიღებულია 
1023-Iს	სულ:150;მომხრე:89;არესწრება:61;წინააღმდეგი:0;გადაწყვეტილებამიღებულია 
1024-Iს	სულ:150;მომხრე:89;არესწრება:61;წინააღმდეგი:0;გადაწყვეტილებამიღებულია 
1025-Iს	სულ:150;მომხრე:89;არესწრება:61;წინააღმდეგი:0;გადაწყვეტილებამიღებულია 
1026-Iს	სულ:150;მომხრე:82;არესწრება:68;წინააღმდეგი:0;გადაწყვეტილებამიღებულია 
1027-Iს	სულ:150;მომხრე:88;არესწრება:62;წინააღმდეგი:0;გადაწყვეტილებამიღებულია 
1028-Iს	სულ:150;მომხრე:85;არესწრება:65;წინააღმდეგი:0;გადაწყვეტილებამიღებულია 
1029-Iს	სულ:150;მომხრე:83;არესწრება:67;წინააღმდეგი:0;გადაწყვეტილებამიღებულია 
1030-Iს	სულ:150;მომხრე:81;არესწრება:69;წინააღმდეგი:0;გადაწყვეტილებამიღებულია 
1031-Iს	სულ:150;მომხრე:87;არესწრება:63;წინააღმდეგი:0;გადაწყვეტილებამიღებულია 
1032-Iს	სულ:150;მომხრე:86;არესწრება:64;წინააღმდეგი:0;გადაწყვეტილებამიღებულია 
1033-Iს	სულ:150;მომხრე:84;არესწრება:66;წინააღმდეგი:0;გადაწყვეტილებამიღებულია 
1034-Iს	სულ:150;მომხრე:83;არესწრება:67;წინააღმდეგი:0;გადაწყვეტილებამიღებულია 
1035-Iს	სულ:150;მომხრე:91;არესწრება:59;წინააღმდეგი:0;გადაწყვეტილებამიღებულია 
1036-Iს	სულ:150;მომხრე:83;არესწრება:67;წინააღმდეგი:0;გადაწყვეტილებამიღებულია 
1037-Iს	სულ:150;მომხრე:86;არესწრება:64;წინააღმდეგი:0;გადაწყვეტილებამიღებულია 
1038-Iს	სულ:150;მომხრე:82;არესწრება:68;წინააღმდეგი:0;გადაწყვეტილებამიღებულია 
1039-Iს	სულ:150;მომხრე:83;არესწრება:67;წინააღმდეგი:0;გადაწყვეტილებამიღებულია 
1040-Iს	სულ:150;მომხრე:84;არესწრება:66;წინააღმდეგი:0;გადაწყვეტილებამიღებულია 
1041-Iს	სულ:150;მომხრე:84;არესწრება:66;წინააღმდეგი:0;გადაწყვეტილებამიღებულია 
1042-Iს	სულ:150;მომხრე:87;არესწრება:63;წინააღმდეგი:0;გადაწყვეტილებამიღებულია 
1043-Iს	სულ:150;მომხრე:85;არესწრება:65;წინააღმდეგი:0;გადაწყვეტილებამიღებულია 
1044-Iს	სულ:150;მომხრე:84;არესწრება:66;წინააღმდეგი:0;გადაწყვეტილებამიღებულია 
1045-Iს	სულ:150;მომხრე:85;არესწრება:65;წინააღმდეგი:0;გადაწყვეტილებამიღებულია 
1046-Iს	სულ:150;მომხრე:84;არესწრება:66;წინააღმდეგი:0;გადაწყვეტილებამიღებულია 
1047-Iს	სულ:150;მომხრე:81;არესწრება:69;წინააღმდეგი:0;გადაწყვეტილებამიღებულია 
1049-Iს	სულ:150;მომხრე:83;არესწრება:67;წინააღმდეგი:0;გადაწყვეტილებამიღებულია 
105-Iს	სულ:147;მომხრე:102;არესწრება:45;წინააღმდეგი:0;კვორუმი:54;გადაწყვეტილებამიღებულია 
1050-Iს	სულ:150;მომხრე:81;არესწრება:69;წინააღმდეგი:0;გადაწყვეტილებამიღებულია 
1051-Iს	სულ:150;მომხრე:79;არესწრება:71;წინააღმდეგი:0;გადაწყვეტილებამიღებულია 
1052-Iს	სულ:150;მომხრე:80;არესწრება:70;წინააღმდეგი:0;გადაწყვეტილებამიღებულია 
1053-Iს	სულ:150;მომხრე:79;არესწრება:71;წინააღმდეგი:0;გადაწყვეტილებამიღებულია 
1054-Iს	სულ:150;მომხრე:83;არესწრება:67;წინააღმდეგი:0;გადაწყვეტილებამიღებულია 
1068-Iს	სულ:150;მომხრე:81;არესწრება:69;წინააღმდეგი:0;გადაწყვეტილებამიღებულია 
1069-Iს	სულ:150;მომხრე:85;არესწრება:65;წინააღმდეგი:0;გადაწყვეტილებამიღებულია 
1075-Iს	სულ:150;მომხრე:92;არესწრება:49;წინააღმდეგი:9;გადაწყვეტილებამიღებულია 
1076-Iს	სულ:150;მომხრე:92;არესწრება:49;წინააღმდეგი:9;გადაწყვეტილებამიღებულია 
1077-Iს	სულ:150;მომხრე:92;არესწრება:49;წინააღმდეგი:9;გადაწყვეტილებამიღებულია 
108-Iს	სულ:147;მომხრე:79;არესწრება:68;წინააღმდეგი:0;კვორუმი:50;გადაწყვეტილებამიღებულია 
1082-Iს	სულ:150;მომხრე:91;არესწრება:58;წინააღმდეგი:1;გადაწყვეტილებამიღებულია 
109-Iს	სულ:147;მომხრე:79;არესწრება:68;წინააღმდეგი:0;კვორუმი:50;გადაწყვეტილებამიღებულია 
113-Iს	სულ:147;მომხრე:78;არესწრება:69;წინააღმდეგი:0;კვორუმი:50;გადაწყვეტილებამიღებულია 
1133-Iს	სულ:150;მომხრე:85;არესწრება:65;წინააღმდეგი:0;გადაწყვეტილებამიღებულია 
114-Iს	სულ:147;მომხრე:78;არესწრება:69;წინააღმდეგი:0;კვორუმი:50;გადაწყვეტილებამიღებულია 
1151-Iს	სულ:150;მომხრე:93;არესწრება:77;წინააღმდეგი:0;გადაწყვეტილებამიღებულია 
1152-Iს	სულ:150;მომხრე:94;არესწრება:56;წინააღმდეგი:0;გადაწყვეტილებამიღებულია 
1153-Iს	სულ:150;მომხრე:94;არესწრება:56;წინააღმდეგი:0;გადაწყვეტილებამიღებულია 
1154-Iს	სულ:150;მომხრე:92;არესწრება:58;წინააღმდეგი:0;გადაწყვეტილებამიღებულია 
1155-Iს	სულ:150;მომხრე:95;არესწრება:55;წინააღმდეგი:0;გადაწყვეტილებამიღებულია 
1156-Iს	სულ:150;მომხრე:95;არესწრება:55;წინააღმდეგი:0;გადაწყვეტილებამიღებულია 
1157-Iს	სულ:150;მომხრე:95;არესწრება:55;წინააღმდეგი:0;გადაწყვეტილებამიღებულია 
1158-Iს	სულ:150;მომხრე:93;არესწრება:57;წინააღმდეგი:0;გადაწყვეტილებამიღებულია 
116-Iს	სულ:147;მომხრე:80;არესწრება:67;წინააღმდეგი:0;კვორუმი:74;გადაწყვეტილებამიღებულია 
117-Iს	სულ:147;მომხრე:79;არესწრება:68;წინააღმდეგი:0;კვორუმი:50;გადაწყვეტილებამიღებულია 
118-Iს	სულ:147;მომხრე:74;არესწრება:73;წინააღმდეგი:0;კვორუმი:50;გადაწყვეტილებამიღებულია 
119-Iს	სულ:147;მომხრე:75;არესწრება:72;წინააღმდეგი:0;კვორუმი:50;გადაწყვეტილებამიღებულია 
1229-Iს	სულ:150;მომხრე:92;არესწრება:58;წინააღმდეგი:0;გადაწყვეტილებამიღებულია 
1230-Iს	სულ:150;მომხრე:92;არესწრება:58;წინააღმდეგი:0;გადაწყვეტილებამიღებულია 
1231-Iს	სულ:150;მომხრე:91;არესწრება:59;წინააღმდეგი:0;გადაწყვეტილებამიღებულია 
1232-Iს	სულ:150;მომხრე:91;არესწრება:59;წინააღმდეგი:0;გადაწყვეტილებამიღებულია 
1233-Iს	სულ:150;მომხრე:89;არესწრება:61;წინააღმდეგი:0;გადაწყვეტილებამიღებულია 
1234-Iს	სულ:150;მომხრე:92;არესწრება:58;წინააღმდეგი:0;გადაწყვეტილებამიღებულია 
1235-Iს	სულ:150;მომხრე:92;არესწრება:58;წინააღმდეგი:0;გადაწყვეტილებამიღებულია 
1236-Iს	სულ:150;მომხრე:86;არესწრება:64;წინააღმდეგი:0;გადაწყვეტილებამიღებულია 
1237-Iს	სულ:150;მომხრე:89;არესწრება:61;წინააღმდეგი:0;გადაწყვეტილებამიღებულია 
1238-Iს	სულ:150;მომხრე:89;არესწრება:59;წინააღმდეგი:2;გადაწყვეტილებამიღებულია 
1239-Iს	სულ:150;მომხრე:90;არესწრება:60;წინააღმდეგი:2;გადაწყვეტილებამიღებულია 
1240-Iს	სულ:150;მომხრე:87;არესწრება:63;წინააღმდეგი:0;გადაწყვეტილებამიღებულია 
1241-Iს	სულ:150;მომხრე:87;არესწრება:63;წინააღმდეგი:0;გადაწყვეტილებამიღებულია 
1242-Iს	სულ:150;მომხრე:83;არესწრება:67;წინააღმდეგი:0;გადაწყვეტილებამიღებულია 
1243-Iს	სულ:150;მომხრე:86;არესწრება:64;წინააღმდეგი:0;გადაწყვეტილებამიღებულია 
1244-Iს	სულ:150;მომხრე:83;არესწრება:67;წინააღმდეგი:0;გადაწყვეტილებამიღებულია 
1245-Iს	სულ:150;მომხრე:86;არესწრება:64;წინააღმდეგი:0;გადაწყვეტილებამიღებულია 
1246-Iს	სულ:150;მომხრე:88;არესწრება:62;წინააღმდეგი:0;გადაწყვეტილებამიღებულია 
1247-Iს	სულ:150;მომხრე:86;არესწრება:64;წინააღმდეგი:0;გადაწყვეტილებამიღებულია 
1248-Iს	სულ:150;მომხრე:86;არესწრება:64;წინააღმდეგი:0;გადაწყვეტილებამიღებულია 
1249-Iს	სულ:150;მომხრე:84;არესწრება:66;წინააღმდეგი:0;გადაწყვეტილებამიღებულია 
1250-Iს	სულ:150;მომხრე:86;არესწრება:64;წინააღმდეგი:0;გადაწყვეტილებამიღებულია 
1251-Iს	სულ:150;მომხრე:85;არესწრება:65;წინააღმდეგი:0;გადაწყვეტილებამიღებულია 
1252-Iს	სულ:150;მომხრე:86;არესწრება:64;წინააღმდეგი:0;გადაწყვეტილებამიღებულია 
1253-Iს	სულ:150;მომხრე:87;არესწრება:63;წინააღმდეგი:0;გადაწყვეტილებამიღებულია 
1254-Iს	სულ:150;მომხრე:88;არესწრება:62;წინააღმდეგი:0;გადაწყვეტილებამიღებულია 
1255-Iს	სულ:150;მომხრე:90;არესწრება:60;წინააღმდეგი:0;გადაწყვეტილებამიღებულია 
1256-Iს	სულ:150;მომხრე:89;არესწრება:61;წინააღმდეგი:0;გადაწყვეტილებამიღებულია 
1257-Iს	სულ:150;მომხრე:88;არესწრება:62;წინააღმდეგი:0;გადაწყვეტილებამიღებულია 
1258-Iს	სულ:150;მომხრე:85;არესწრება:65;წინააღმდეგი:0;გადაწყვეტილებამიღებულია 
1259-Iს	სულ:150;მომხრე:90;არესწრება:60;წინააღმდეგი:0;გადაწყვეტილებამიღებულია 
1260-Iს	სულ:150;მომხრე:88;არესწრება:62;წინააღმდეგი:0;გადაწყვეტილებამიღებულია 
1261-Iს	სულ:150;მომხრე:90;არესწრება:60;წინააღმდეგი:0;გადაწყვეტილებამიღებულია 
1262-Iს	სულ:150;მომხრე:87;არესწრება:63;წინააღმდეგი:0;გადაწყვეტილებამიღებულია 
1263-Iს	სულ:150;მომხრე:87;არესწრება:63;წინააღმდეგი:0;გადაწყვეტილებამიღებულია 
1264-Iს	სულ:150;მომხრე:89;არესწრება:61;წინააღმდეგი:0;გადაწყვეტილებამიღებულია 
1265-Iს	სულ:150;მომხრე:85;არესწრება:65;წინააღმდეგი:0;გადაწყვეტილებამიღებულია 
1266-Iს	სულ:150;მომხრე:90;არესწრება:60;წინააღმდეგი:0;გადაწყვეტილებამიღებულია 
1267-Iს	სულ:150;მომხრე:85;არესწრება:65;წინააღმდეგი:0;გადაწყვეტილებამიღებულია 
1268-Iს	სულ:150;მომხრე:88;არესწრება:62;წინააღმდეგი:0;გადაწყვეტილებამიღებულია 
1269-Iს	სულ:150;მომხრე:82;არესწრება:68;წინააღმდეგი:0;გადაწყვეტილებამიღებულია 
1270-Iს	სულ:150;მომხრე:86;არესწრება:64;წინააღმდეგი:0;გადაწყვეტილებამიღებულია 
1271-Iს	სულ:150;მომხრე:87;არესწრება:62;წინააღმდეგი:1;გადაწყვეტილებამიღებულია 
1272-Iს	სულ:150;მომხრე:82;არესწრება:68;წინააღმდეგი:0;გადაწყვეტილებამიღებულია 
1273-Iს	სულ:150;მომხრე:91;არესწრება:59;წინააღმდეგი:0;გადაწყვეტილებამიღებულია 
1274-Iს	სულ:150;მომხრე:88;არესწრება:62;წინააღმდეგი:0;გადაწყვეტილებამიღებულია 
1275-Iს	სულ:150;მომხრე:87;არესწრება:63;წინააღმდეგი:0;გადაწყვეტილებამიღებულია 
1276-Iს	სულ:150;მომხრე:90;არესწრება:60;წინააღმდეგი:0;გადაწყვეტილებამიღებულია 
1277-Iს	სულ:150;მომხრე:89;არესწრება:61;წინააღმდეგი:0;გადაწყვეტილებამიღებულია 
1278-Iს	სულ:150;მომხრე:85;არესწრება:65;წინააღმდეგი:0;გადაწყვეტილებამიღებულია 
1284-რს	სულ:150;მომხრე:68;არესწრება:92;წინააღმდეგი:0;გადაწყვეტილებამიღებულია 
1285-რს	სულ:150;მომხრე:71;არესწრება:79;წინააღმდეგი:0;გადაწყვეტილებამიღებულია 
1286-რს	სულ:150;მომხრე:73;არესწრება:77;წინააღმდეგი:0;გადაწყვეტილებამიღებულია 
1287-რს	სულ:150;მომხრე:69;არესწრება:81;წინააღმდეგი:0;გადაწყვეტილებამიღებულია 
1288-რს	სულ:150;მომხრე:71;არესწრება:79;წინააღმდეგი:0;გადაწყვეტილებამიღებულია 
1289-რს	სულ:150;მომხრე:70;არესწრება:80;წინააღმდეგი:0;გადაწყვეტილებამიღებულია 
1290-რს	სულ:150;მომხრე:69;არესწრება:81;წინააღმდეგი:0;გადაწყვეტილებამიღებულია 
1291-რს	სულ:150;მომხრე:72;არესწრება:78;წინააღმდეგი:0;გადაწყვეტილებამიღებულია 
1292-რს	სულ:150;მომხრე:72;არესწრება:78;წინააღმდეგი:0;გადაწყვეტილებამიღებულია 
1293-რს	სულ:150;მომხრე:68;არესწრება:82;წინააღმდეგი:0;გადაწყვეტილებამიღებულია 
1294-რს	სულ:150;მომხრე:52;არესწრება:98;წინააღმდეგი:0;გადაწყვეტილებამიღებულია 
1295-რს	სულ:150;მომხრე:69;არესწრება:81;წინააღმდეგი:0;გადაწყვეტილებამიღებულია 
132-Iს	სულ:147;მომხრე:80;არესწრება:67;წინააღმდეგი:0;კვორუმი:50;გადაწყვეტილებამიღებულია 
1328-რს	სულ:150;მომხრე:87;არესწრება:63;წინააღმდეგი:0;გადაწყვეტილებამიღებულია 
1329-რს	სულ:150;მომხრე:85;არესწრება:65;წინააღმდეგი:0;გადაწყვეტილებამიღებულია 
1330-რს	სულ:150;მომხრე:82;არესწრება:68;წინააღმდეგი:0;გადაწყვეტილებამიღებულია 
1331-რს	სულ:150;მომხრე:82;არესწრება:68;წინააღმდეგი:0;გადაწყვეტილებამიღებულია 
1332-რს	სულ:150;მომხრე:84;არესწრება:66;წინააღმდეგი:0;გადაწყვეტილებამიღებულია 
1333-რს	სულ:150;მომხრე:84;არესწრება:66;წინააღმდეგი:0;გადაწყვეტილებამიღებულია 
135-Iს	სულ:147;მომხრე:79;არესწრება:68;წინააღმდეგი:0;კვორუმი:50;გადაწყვეტილებამიღებულია 
1357-რს	სულ:150;მომხრე:77;არესწრება:73;წინააღმდეგი:0;გადაწყვეტილებამიღებულია 
1358-რს	სულ:150;მომხრე:79;არესწრება:71;წინააღმდეგი:0;გადაწყვეტილებამიღებულია 
1359-რს	სულ:150;მომხრე:80;არესწრება:70;წინააღმდეგი:0;გადაწყვეტილებამიღებულია 
136-Iს	სულ:147;მომხრე:78;არესწრება:69;წინააღმდეგი:0;კვორუმი:50;გადაწყვეტილებამიღებულია 
1360-რს	სულ:150;მომხრე:80;არესწრება:70;წინააღმდეგი:0;გადაწყვეტილებამიღებულია 
1361-რს	სულ:150;მომხრე:79;არესწრება:71;წინააღმდეგი:0;გადაწყვეტილებამიღებულია 
1362-რს	სულ:150;მომხრე:80;არესწრება:70;წინააღმდეგი:0;გადაწყვეტილებამიღებულია 
1379-რს	სულ:150;მომხრე:80;არესწრება:70;წინააღმდეგი:0;გადაწყვეტილებამიღებულია 
1380-რს	სულ:150;მომხრე:82;არესწრება:68;წინააღმდეგი:0;გადაწყვეტილებამიღებულია 
1381-რს	სულ:150;მომხრე:82;არესწრება:68;წინააღმდეგი:0;გადაწყვეტილებამიღებულია 
1382-რს	სულ:150;მომხრე:82;არესწრება:68;წინააღმდეგი:0;გადაწყვეტილებამიღებულია 
1383-რს	სულ:150;მომხრე:78;არესწრება:72;წინააღმდეგი:0;გადაწყვეტილებამიღებულია 
1384-რს	სულ:150;მომხრე:78;არესწრება:72;წინააღმდეგი:0;გადაწყვეტილებამიღებულია 
1385-რს	სულ:150;მომხრე:86;არესწრება:64;წინააღმდეგი:0;გადაწყვეტილებამიღებულია 
1386-რს	სულ:150;მომხრე:78;არესწრება:72;წინააღმდეგი:0;გადაწყვეტილებამიღებულია 
1387-რს	სულ:150;მომხრე:79;არესწრება:71;წინააღმდეგი:0;გადაწყვეტილებამიღებულია 
1388-რს	სულ:150;მომხრე:79;არესწრება:71;წინააღმდეგი:0;გადაწყვეტილებამიღებულია 
1389-რს	სულ:150;მომხრე:80;არესწრება:70;წინააღმდეგი:0;გადაწყვეტილებამიღებულია 
1390-რს	სულ:150;მომხრე:80;არესწრება:70;წინააღმდეგი:0;გადაწყვეტილებამიღებულია 
1391-რს	სულ:150;მომხრე:79;არესწრება:71;წინააღმდეგი:0;გადაწყვეტილებამიღებულია 
1392-რს	სულ:150;მომხრე:81;არესწრება:69;წინააღმდეგი:0;გადაწყვეტილებამიღებულია 
1393-რს	სულ:150;მომხრე:84;არესწრება:66;წინააღმდეგი:0;გადაწყვეტილებამიღებულია 
1394-რს	სულ:150;მომხრე:83;არესწრება:67;წინააღმდეგი:0;გადაწყვეტილებამიღებულია 
1400-Iს	სულ:150;მომხრე:84;არესწრება:66;წინააღმდეგი:0;გადაწყვეტილებამიღებულია 
141-Iს	სულ:147;მომხრე:80;არესწრება:67;წინააღმდეგი:0;კვორუმი:50;გადაწყვეტილებამიღებულია 
142-Iს	სულ:147;მომხრე:78;არესწრება:69;წინააღმდეგი:0;კვორუმი:50;გადაწყვეტილებამიღებულია 
143-Iს	სულ:147;მომხრე:75;არესწრება:72;წინააღმდეგი:0;კვორუმი:50;გადაწყვეტილებამიღებულია 
144-Iს	სულ:147;მომხრე:74;არესწრება:72;წინააღმდეგი:1;კვორუმი:50;გადაწყვეტილებამიღებულია 
1442-Iს	სულ:150;მომხრე:84;არესწრება:66;წინააღმდეგი:0;გადაწყვეტილებამიღებულია 
1443-Iს	სულ:150;მომხრე:87;არესწრება:63;წინააღმდეგი:0;გადაწყვეტილებამიღებულია 
1444-Iს	სულ:150;მომხრე:88;არესწრება:54;წინააღმდეგი:8;გადაწყვეტილებამიღებულია 
1445-Iს	სულ:150;მომხრე:86;არესწრება:64;წინააღმდეგი:0;გადაწყვეტილებამიღებულია 
1446-Iს	სულ:150;მომხრე:83;არესწრება:60;წინააღმდეგი:7;გადაწყვეტილებამიღებულია 
1447-Iს	სულ:150;მომხრე:76;არესწრება:72;წინააღმდეგი:2;გადაწყვეტილებამიღებულია 
1456-Iს	სულ:150;მომხრე:103;არესწრება:47;წინააღმდეგი:0;გადაწყვეტილებამიღებულია 
1463-Iს	სულ:150;მომხრე:84;არესწრება:66;წინააღმდეგი:0;გადაწყვეტილებამიღებულია 
1465-Iს	სულ:150;მომხრე:81;არესწრება:69;წინააღმდეგი:0;გადაწყვეტილებამიღებულია 
1466-Iს	სულ:150;მომხრე:80;არესწრება:70;წინააღმდეგი:0;გადაწყვეტილებამიღებულია 
1467-Iს	სულ:150;მომხრე:81;არესწრება:69;წინააღმდეგი:0;გადაწყვეტილებამიღებულია 
1468-Iს	სულ:150;მომხრე:81;არესწრება:69;წინააღმდეგი:0;გადაწყვეტილებამიღებულია 
1469-Iს	სულ:150;მომხრე:77;არესწრება:73;წინააღმდეგი:0;გადაწყვეტილებამიღებულია 
1470-Iს	სულ:150;მომხრე:81;არესწრება:69;წინააღმდეგი:0;გადაწყვეტილებამიღებულია 
1471-Iს	სულ:150;მომხრე:82;არესწრება:68;წინააღმდეგი:0;გადაწყვეტილებამიღებულია 
1472-Iს	სულ:150;მომხრე:83;არესწრება:67;წინააღმდეგი:0;გადაწყვეტილებამიღებულია 
1473-Iს	სულ:150;მომხრე:79;არესწრება:71;წინააღმდეგი:0;გადაწყვეტილებამიღებულია 
1489-Iს	სულ:150;მომხრე:84;არესწრება:58;წინააღმდეგი:8;გადაწყვეტილებამიღებულია 
1490-Iს	სულ:150;მომხრე:94;არესწრება:56;წინააღმდეგი:0;გადაწყვეტილებამიღებულია 
1491-Iს	სულ:150;მომხრე:90;არესწრება:60;წინააღმდეგი:0;გადაწყვეტილებამიღებულია 
1525-Iს	სულ:150;მომხრე:79;არესწრება:71;წინააღმდეგი:0;გადაწყვეტილებამიღებულია 
1526-Iს	სულ:150;მომხრე:92;არესწრება:58;წინააღმდეგი:0;გადაწყვეტილებამიღებულია 
154-Iს	სულ:147;მომხრე:79;არესწრება:68;წინააღმდეგი:0;კვორუმი:74;გადაწყვეტილებამიღებულია 
156-რს	სულ:147;მომხრე:94;არესწრება:53;წინააღმდეგი:0;კვორუმი:55;გადაწყვეტილებამიღებულია 
157-რს	სულ:147;მომხრე:85;არესწრება:62;წინააღმდეგი:0;კვორუმი:74;გადაწყვეტილებამიღებულია 
1628-რს	სულ:150;მომხრე:84;არესწრება:66;წინააღმდეგი:0;გადაწყვეტილებამიღებულია 
1629-რს	სულ:150;მომხრე:84;არესწრება:66;წინააღმდეგი:0;გადაწყვეტილებამიღებულია 
173-რს	სულ:147;მომხრე:79;არესწრება:67;წინააღმდეგი:1;კვორუმი:59;გადაწყვეტილებამიღებულია 
174-რს	სულ:147;მომხრე:98;არესწრება:48;წინააღმდეგი:1;კვორუმი:58;გადაწყვეტილებამიღებულია 
187-რს	სულ:147;მომხრე:104;არესწრება:43;წინააღმდეგი:9;კვორუმი:63;გადაწყვეტილებამიღებულია 
188-რს	სულ:147;მომხრე:104;არესწრება:37;წინააღმდეგი:6;კვორუმი:63;გადაწყვეტილებამიღებულია 
189-რს	სულ:147;მომხრე:109;არესწრება:37;წინააღმდეგი:1;კვორუმი:63;გადაწყვეტილებამიღებულია 
190-რს	სულ:147;მომხრე:95;არესწრება:52;წინააღმდეგი:2;კვორუმი:63;გადაწყვეტილებამიღებულია 
191-რს	სულ:147;მომხრე:92;არესწრება:53;წინააღმდეგი:2;კვორუმი:63;გადაწყვეტილებამიღებულია 
192-რს	სულ:147;მომხრე:91;არესწრება:55;წინააღმდეგი:1;კვორუმი:74;გადაწყვეტილებამიღებულია 
193-რს	სულ:147;მომხრე:91;არესწრება:56;წინააღმდეგი:0;კვორუმი:63;გადაწყვეტილებამიღებულია 
194-რს	სულ:147;მომხრე:92;არესწრება:54;წინააღმდეგი:1;კვორუმი:63;გადაწყვეტილებამიღებულია 
195-რს	სულ:147;მომხრე:90;არესწრება:55;წინააღმდეგი:2;კვორუმი:74;გადაწყვეტილებამიღებულია 
202-რს	სულ:147;მომხრე:80;არესწრება:67;წინააღმდეგი:0;კვორუმი:50;გადაწყვეტილებამიღებულია 
205-რს	სულ:147;მომხრე:90;არესწრება:56;წინააღმდეგი:1;კვორუმი:50;გადაწყვეტილებამიღებულია 
206-რს	სულ:147;მომხრე:88;არესწრება:58;წინააღმდეგი:1;კვორუმი:50;გადაწყვეტილებამიღებულია 
209-რს	სულ:147;მომხრე:83;არესწრება:63;წინააღმდეგი:1;კვორუმი:74;გადაწყვეტილებამიღებულია 
246-IIს	სულ:147;მომხრე:85;არესწრება:62;წინააღმდეგი:0;გადაწყვეტილებამიღებულია 
260-IIს	სულ:147;მომხრე:101;არესწრება:46;წინააღმდეგი:0;გადაწყვეტილებამიღებულია 
261-IIს	სულ:147;მომხრე:97;არესწრება:50;წინააღმდეგი:0;გადაწყვეტილებამიღებულია 
262-IIს	სულ:147;მომხრე:95;არესწრება:52;წინააღმდეგი:0;გადაწყვეტილებამიღებულია 
263-IIს	სულ:147;მომხრე:84;არესწრება:63;წინააღმდეგი:0;გადაწყვეტილებამიღებულია 
346-IIს	სულ:147;მომხრე:86;არესწრება:61;წინააღმდეგი:0;გადაწყვეტილებამიღებულია 
347-IIს	სულ:147;მომხრე:79;არესწრება:68;წინააღმდეგი:0;გადაწყვეტილებამიღებულია 
348-IIს	სულ:147;მომხრე:80;არესწრება:67;წინააღმდეგი:0;გადაწყვეტილებამიღებულია 
349-IIს	სულ:147;მომხრე:81;არესწრება:66;წინააღმდეგი:0;გადაწყვეტილებამიღებულია 
350-IIს	სულ:147;მომხრე:81;არესწრება:66;წინააღმდეგი:0;გადაწყვეტილებამიღებულია 
351-IIს	სულ:147;მომხრე:83;არესწრება:64;წინააღმდეგი:0;გადაწყვეტილებამიღებულია 
352-IIს	სულ:147;მომხრე:79;არესწრება:68;წინააღმდეგი:0;გადაწყვეტილებამიღებულია 
353-IIს	სულ:147;მომხრე:90;არესწრება:57;წინააღმდეგი:0;გადაწყვეტილებამიღებულია 
354-IIს	სულ:147;მომხრე:80;არესწრება:67;წინააღმდეგი:0;გადაწყვეტილებამიღებულია 
355-IIს	სულ:147;მომხრე:84;არესწრება:63;წინააღმდეგი:0;გადაწყვეტილებამიღებულია 
356-IIს	სულ:147;მომხრე:78;არესწრება:69;წინააღმდეგი:0;გადაწყვეტილებამიღებულია 
357-IIს	სულ:147;მომხრე:82;არესწრება:65;წინააღმდეგი:0;გადაწყვეტილებამიღებულია 
358-IIს	სულ:147;მომხრე:73;არესწრება:73;წინააღმდეგი:1;გადაწყვეტილებამიღებულია 
378-IIს	სულ:147;მომხრე:92;არესწრება:55;წინააღმდეგი:0;გადაწყვეტილებამიღებულია 
379-IIს	სულ:147;მომხრე:90;არესწრება:56;წინააღმდეგი:1;გადაწყვეტილებამიღებულია 
380-IIს	სულ:147;მომხრე:92;არესწრება:55;წინააღმდეგი:0;გადაწყვეტილებამიღებულია 
381-IIს	სულ:147;მომხრე:88;არესწრება:58;წინააღმდეგი:1;გადაწყვეტილებამიღებულია 
382-IIს	სულ:147;მომხრე:92;არესწრება:55;წინააღმდეგი:0;გადაწყვეტილებამიღებულია 
383-IIს	სულ:147;მომხრე:88;არესწრება:58;წინააღმდეგი:1;გადაწყვეტილებამიღებულია 
384-IIს	სულ:147;მომხრე:90;არესწრება:57;წინააღმდეგი:0;გადაწყვეტილებამიღებულია 
386-IIს	სულ:147;მომხრე:88;არესწრება:59;წინააღმდეგი:0;გადაწყვეტილებამიღებულია 
387-IIს	სულ:147;მომხრე:85;არესწრება:61;წინააღმდეგი:1;გადაწყვეტილებამიღებულია 
388-IIს	სულ:147;მომხრე:90;არესწრება:57;წინააღმდეგი:0;გადაწყვეტილებამიღებულია 
448-რს	სულ:147;მომხრე:100;არესწრება:101;წინააღმდეგი:1;გადაწყვეტილებამიღებულია 
449-რს	სულ:147;მომხრე:87;არესწრება:57;წინააღმდეგი:3;გადაწყვეტილებამიღებულია 
450-რს	სულ:147;მომხრე:92;არესწრება:54;წინააღმდეგი:1;გადაწყვეტილებამიღებულია 
451-რს	სულ:147;მომხრე:93;არესწრება:53;წინააღმდეგი:1;გადაწყვეტილებამიღებულია 
452-რს	სულ:147;მომხრე:90;არესწრება:56;წინააღმდეგი:1;გადაწყვეტილებამიღებულია 
453-რს	სულ:147;მომხრე:90;არესწრება:57;წინააღმდეგი:0;გადაწყვეტილებამიღებულია 
454-რს	სულ:147;მომხრე:95;არესწრება:52;წინააღმდეგი:0;გადაწყვეტილებამიღებულია 
455-რს	სულ:147;მომხრე:95;არესწრება:51;წინააღმდეგი:1;გადაწყვეტილებამიღებულია 
456-რს	სულ:147;მომხრე:95;არესწრება:52;წინააღმდეგი:0;გადაწყვეტილებამიღებულია 
457-რს	სულ:147;მომხრე:97;არესწრება:50;წინააღმდეგი:0;გადაწყვეტილებამიღებულია 
458-რს	სულ:147;მომხრე:98;არესწრება:49;წინააღმდეგი:0;გადაწყვეტილებამიღებულია 
459-რს	სულ:147;მომხრე:93;არესწრება:54;წინააღმდეგი:0;გადაწყვეტილებამიღებულია 
460-რს	სულ:147;მომხრე:94;არესწრება:53;წინააღმდეგი:0;გადაწყვეტილებამიღებულია 
461-რს	სულ:147;მომხრე:90;არესწრება:57;წინააღმდეგი:0;გადაწყვეტილებამიღებულია 
462-რს	სულ:147;მომხრე:93;არესწრება:54;წინააღმდეგი:0;გადაწყვეტილებამიღებულია 
463-რს	სულ:147;მომხრე:90;არესწრება:57;წინააღმდეგი:0;გადაწყვეტილებამიღებულია 
464-რს	სულ:147;მომხრე:92;არესწრება:55;წინააღმდეგი:0;გადაწყვეტილებამიღებულია 
465-რს	სულ:147;მომხრე:85;არესწრება:62;წინააღმდეგი:0;გადაწყვეტილებამიღებულია 
466-რს	სულ:147;მომხრე:92;არესწრება:55;წინააღმდეგი:0;გადაწყვეტილებამიღებულია 
467-რს	სულ:147;მომხრე:86;არესწრება:61;წინააღმდეგი:0;გადაწყვეტილებამიღებულია 
468-რს	სულ:147;მომხრე:92;არესწრება:55;წინააღმდეგი:0;გადაწყვეტილებამიღებულია 
469-რს	სულ:147;მომხრე:95;არესწრება:52;წინააღმდეგი:0;გადაწყვეტილებამიღებულია 
470-რს	სულ:147;მომხრე:93;არესწრება:54;წინააღმდეგი:0;გადაწყვეტილებამიღებულია 
471-რს	სულ:147;მომხრე:92;არესწრება:55;წინააღმდეგი:0;გადაწყვეტილებამიღებულია 
472-რს	სულ:147;მომხრე:88;არესწრება:59;წინააღმდეგი:0;გადაწყვეტილებამიღებულია 
473-რს	სულ:147;მომხრე:92;არესწრება:55;წინააღმდეგი:0;გადაწყვეტილებამიღებულია 
474-რს	სულ:147;მომხრე:91;არესწრება:56;წინააღმდეგი:0;გადაწყვეტილებამიღებულია 
475-რს	სულ:147;მომხრე:96;არესწრება:51;წინააღმდეგი:0;გადაწყვეტილებამიღებულია 
476-რს	სულ:147;მომხრე:91;არესწრება:56;წინააღმდეგი:0;გადაწყვეტილებამიღებულია 
477-რს	სულ:147;მომხრე:92;არესწრება:55;წინააღმდეგი:0;გადაწყვეტილებამიღებულია 
478-რს	სულ:147;მომხრე:94;არესწრება:53;წინააღმდეგი:0;გადაწყვეტილებამიღებულია 
479-რს	სულ:147;მომხრე:91;არესწრება:56;წინააღმდეგი:0;გადაწყვეტილებამიღებულია 
480-რს	სულ:147;მომხრე:93;არესწრება:54;წინააღმდეგი:0;გადაწყვეტილებამიღებულია 
481-რს	სულ:147;მომხრე:94;არესწრება:53;წინააღმდეგი:0;გადაწყვეტილებამიღებულია 
482-რს	სულ:147;მომხრე:93;არესწრება:54;წინააღმდეგი:0;გადაწყვეტილებამიღებულია 
483-რს	სულ:147;მომხრე:91;არესწრება:56;წინააღმდეგი:0;გადაწყვეტილებამიღებულია 
484-რს	სულ:147;მომხრე:92;არესწრება:55;წინააღმდეგი:0;გადაწყვეტილებამიღებულია 
485-რს	სულ:147;მომხრე:91;არესწრება:56;წინააღმდეგი:0;გადაწყვეტილებამიღებულია 
486-რს	სულ:147;მომხრე:91;არესწრება:56;წინააღმდეგი:0;გადაწყვეტილებამიღებულია 
487-რს	სულ:147;მომხრე:94;არესწრება:53;წინააღმდეგი:0;გადაწყვეტილებამიღებულია 
488-რს	სულ:147;მომხრე:94;არესწრება:53;წინააღმდეგი:0;გადაწყვეტილებამიღებულია 
489-რს	სულ:147;მომხრე:90;არესწრება:57;წინააღმდეგი:0;გადაწყვეტილებამიღებულია 
490-რს	სულ:147;მომხრე:96;არესწრება:51;წინააღმდეგი:0;გადაწყვეტილებამიღებულია 
491-რს	სულ:147;მომხრე:96;არესწრება:51;წინააღმდეგი:0;გადაწყვეტილებამიღებულია 
492-რს	სულ:147;მომხრე:94;არესწრება:53;წინააღმდეგი:0;გადაწყვეტილებამიღებულია 
493-რს	სულ:147;მომხრე:90;არესწრება:57;წინააღმდეგი:0;გადაწყვეტილებამიღებულია 
494-რს	სულ:147;მომხრე:94;არესწრება:52;წინააღმდეგი:1;გადაწყვეტილებამიღებულია 
495-რს	სულ:147;მომხრე:98;არესწრება:49;წინააღმდეგი:0;გადაწყვეტილებამიღებულია 
496-რს	სულ:147;მომხრე:114;არესწრება:33;წინააღმდეგი:0;გადაწყვეტილებამიღებულია 
518-IIს	სულ:147;მომხრე:96;არმონაწილეობდა:47;წინააღმდეგი:4;გადაწყვეტილებამიღებულია 
523-IIს	სულ:147;მომხრე:89;არმონაწილეობდა:46;წინააღმდეგი:12;გადაწყვეტილებამიღებულია 
524-IIს	სულ:147;მომხრე:85;არმონაწილეობდა:47;წინააღმდეგი:5;გადაწყვეტილებამიღებულია 
525-IIს	სულ:147;მომხრე:86;არმონაწილეობდა:59;წინააღმდეგი:2;გადაწყვეტილებამიღებულია 
528-IIს	სულ:147;მომხრე:78;არესწრება:61;წინააღმდეგი:8;გადაწყვეტილებამიღებულია 
530-IIს	სულ:147;მომხრე:80;არმონაწილეობდა:64;წინააღმდეგი:3;გადაწყვეტილებამიღებულია 
546-IIს	სულ:147;მომხრე:77;არესწრება:70;წინააღმდეგი:0;გადაწყვეტილებამიღებულია 
547-IIს	სულ:147;მომხრე:74;არესწრება:73;წინააღმდეგი:0;გადაწყვეტილებამიღებულია 
559-IIს	სულ:147;მომხრე:78;არმონაწილეობდა:69;წინააღმდეგი:0;გადაწყვეტილებამიღებულია 
560-IIს	სულ:147;მომხრე:78;არმონაწილეობდა:69;წინააღმდეგი:0;გადაწყვეტილებამიღებულია 
563-IIს	სულ:147;მომხრე:80;არესწრება:67;წინააღმდეგი:0;გადაწყვეტილებამიღებულია 
567-IIს	სულ:147;მომხრე:79;არესწრება:68;წინააღმდეგი:0;გადაწყვეტილებამიღებულია 
580-IIს	სულ:147;მომხრე:91;არესწრება:30;წინააღმდეგი:26;გადაწყვეტილებამიღებულია 
581-IIს	სულ:147;მომხრე:91;არესწრება:30;წინააღმდეგი:26;გადაწყვეტილებამიღებულია 
582-IIს	სულ:147;მომხრე:91;არესწრება:32;წინააღმდეგი:24;გადაწყვეტილებამიღებულია 
583-IIს	სულ:147;მომხრე:91;არესწრება:34;წინააღმდეგი:22;გადაწყვეტილებამიღებულია 
602-IIს	სულ:150;მომხრე:83;არესწრება:67;წინააღმდეგი:0;გადაწყვეტილებამიღებულია 
611-IIს	სულ:150;მომხრე:77;არესწრება:73;წინააღმდეგი:0;გადაწყვეტილებამიღებულია 
617IIს	სულ:150;მომხრე:75;არესწრება:75;წინააღმდეგი:0;გადაწყვეტილებამიღებულია 
618IIს	სულ:150;მომხრე:74;არესწრება:76;წინააღმდეგი:0;გადაწყვეტილებამიღებულია 
649-IIს	სულ:150;მომხრე:92;არესწრება:34;წინააღმდეგი:24;გადაწყვეტილებამიღებულია 
651-IIს	სულ:150;მომხრე:92;არესწრება:36;წინააღმდეგი:22;გადაწყვეტილებამიღებულია 
657-IIს	სულ:150;მომხრე:88;არესწრება:62;წინააღმდეგი:0;გადაწყვეტილებამიღებულია 
660-IIს	სულ:150;მომხრე:88;არესწრება:62;წინააღმდეგი:0;გადაწყვეტილებამიღებულია 
661-IIს	სულ:150;მომხრე:86;არესწრება:63;წინააღმდეგი:1;გადაწყვეტილებამიღებულია 
662-IIს	სულ:150;მომხრე:85;არესწრება:64;წინააღმდეგი:1;გადაწყვეტილებამიღებულია 
663-IIს	სულ:150;მომხრე:83;არესწრება:66;წინააღმდეგი:1;გადაწყვეტილებამიღებულია 
664-IIს	სულ:150;მომხრე:83;არესწრება:66;წინააღმდეგი:1;გადაწყვეტილებამიღებულია 
665-IIს	სულ:150;მომხრე:83;არესწრება:66;წინააღმდეგი:1;გადაწყვეტილებამიღებულია 
666-IIს	სულ:150;მომხრე:84;არესწრება:65;წინააღმდეგი:1;გადაწყვეტილებამიღებულია 
667-IIს	სულ:150;მომხრე:86;არესწრება:63;წინააღმდეგი:1;გადაწყვეტილებამიღებულია 
668-IIს	სულ:150;მომხრე:88;არესწრება:61;წინააღმდეგი:1;გადაწყვეტილებამიღებულია 
669-IIს	სულ:150;მომხრე:90;არესწრება:60;წინააღმდეგი:0;გადაწყვეტილებამიღებულია 
670-IIს	სულ:150;მომხრე:85;არესწრება:64;წინააღმდეგი:1;გადაწყვეტილებამიღებულია 
671-IIს	სულ:150;მომხრე:84;არესწრება:65;წინააღმდეგი:1;გადაწყვეტილებამიღებულია 
672-IIს	სულ:150;მომხრე:84;არესწრება:65;წინააღმდეგი:1;გადაწყვეტილებამიღებულია 
675-IIს	სულ:150;მომხრე:86;არესწრება:58;წინააღმდეგი:6;გადაწყვეტილებამიღებულია 
678IIს	სულ:150;მომხრე:84;არესწრება:66;წინააღმდეგი:0;გადაწყვეტილებამიღებულია 
679IIს	სულ:150;მომხრე:85;არესწრება:65;წინააღმდეგი:0;გადაწყვეტილებამიღებულია 
680IIს	სულ:150;მომხრე:85;არესწრება:65;წინააღმდეგი:0;გადაწყვეტილებამიღებულია 
681IIს	სულ:150;მომხრე:89;არესწრება:61;წინააღმდეგი:0;გადაწყვეტილებამიღებულია 
721-IIს	სულ:150;მომხრე:98;არესწრება:52;წინააღმდეგი:0;გადაწყვეტილებამიღებულია 
722-IIს	სულ:150;მომხრე:95;არესწრება:55;წინააღმდეგი:0;გადაწყვეტილებამიღებულია 
723-IIს	სულ:150;მომხრე:86;არესწრება:64;წინააღმდეგი:0;გადაწყვეტილებამიღებულია 
724-IIს	სულ:150;მომხრე:86;არესწრება:64;წინააღმდეგი:0;გადაწყვეტილებამიღებულია 
725-IIს	სულ:150;მომხრე:92;არესწრება:57;წინააღმდეგი:1;გადაწყვეტილებამიღებულია 
729-IIს	სულ:150;მომხრე:91;არესწრება:33;წინააღმდეგი:26;გადაწყვეტილებამიღებულია 
741-IIს	სულ:150;მომხრე:92;არესწრება:25;წინააღმდეგი:33;გადაწყვეტილებამიღებულია 
780-IIს	სულ:150;მომხრე:73;არესწრება:77;წინააღმდეგი:0;გადაწყვეტილებამიღებულია 
784-IIს	სულ:150;მომხრე:73;არესწრება:77;წინააღმდეგი:0;გადაწყვეტილებამიღებულია 
795-IIს	სულ:150;მომხრე:75;არესწრება:75;წინააღმდეგი:0;გადაწყვეტილებამიღებულია 
798-IIს	სულ:150;მომხრე:73;არესწრება:77;წინააღმდეგი:0;გადაწყვეტილებამიღებულია 
799-IIს	სულ:150;მომხრე:73;არესწრება:77;წინააღმდეგი:0;გადაწყვეტილებამიღებულია 
800-IIს	სულ:150;მომხრე:73;არესწრება:77;წინააღმდეგი:0;გადაწყვეტილებამიღებულია 
802-რს	სულ:150;მომხრე:82;არესწრება:67;წინააღმდეგი:1;გადაწყვეტილებამიღებულია 
803-რს	სულ:150;მომხრე:96;არესწრება:54;წინააღმდეგი:0;გადაწყვეტილებამიღებულია 
816-რს	სულ:150;მომხრე:96;არესწრება:51;წინააღმდეგი:3;გადაწყვეტილებამიღებულია 
817-რს	სულ:150;მომხრე:93;არესწრება:56;წინააღმდეგი:1;გადაწყვეტილებამიღებულია 
818-რს	სულ:150;მომხრე:93;არესწრება:57;წინააღმდეგი:0;გადაწყვეტილებამიღებულია 
819-რს	სულ:150;მომხრე:94;არესწრება:55;წინააღმდეგი:1;გადაწყვეტილებამიღებულია 
822-რს	სულ:150;მომხრე:92;არესწრება:58;წინააღმდეგი:0;გადაწყვეტილებამიღებულია 
823-რს	სულ:150;მომხრე:97;არესწრება:53;წინააღმდეგი:0;გადაწყვეტილებამიღებულია 
824-რს	სულ:150;მომხრე:97;არესწრება:53;წინააღმდეგი:0;გადაწყვეტილებამიღებულია 
825-რს	სულ:150;მომხრე:92;არესწრება:58;წინააღმდეგი:0;გადაწყვეტილებამიღებულია 
826-რს	სულ:150;მომხრე:96;არესწრება:53;წინააღმდეგი:1;გადაწყვეტილებამიღებულია 
833-რს 
834-რს 
837-რს 
843რს	სულ:150;მომხრე:82;არესწრება:68;წინააღმდეგი:0;გადაწყვეტილებამიღებულია 
844რს	სულ:150;მომხრე:80;არესწრება:70;წინააღმდეგი:0;გადაწყვეტილებამიღებულია 
845რს	სულ:150;მომხრე:83;არესწრება:67;წინააღმდეგი:0;გადაწყვეტილებამიღებულია 
847რს	სულ:150;მომხრე:80;არესწრება:70;წინააღმდეგი:0;გადაწყვეტილებამიღებულია 
864რს	სულ:150;მომხრე:78;არესწრება:72;წინააღმდეგი:0;გადაწყვეტილებამიღებულია 
865რს	სულ:150;მომხრე:79;არესწრება:71;წინააღმდეგი:0;გადაწყვეტილებამიღებულია 
866რს	სულ:150;მომხრე:74;არესწრება:76;წინააღმდეგი:0;გადაწყვეტილებამიღებულია 
867რს	სულ:150;მომხრე:77;არესწრება:73;წინააღმდეგი:0;გადაწყვეტილებამიღებულია 
87-რს	სულ:147;მომხრე:83;არესწრება:64;წინააღმდეგი:0;კვორუმი:74;გადაწყვეტილებამიღებულია 
877რს	სულ:150;მომხრე:83;არესწრება:67;წინააღმდეგი:0;გადაწყვეტილებამიღებულია 
878-რს	სულ:150;მომხრე:82;არესწრება:68;წინააღმდეგი:0;გადაწყვეტილებამიღებულია 
878რს	სულ:150;მომხრე:82;არესწრება:68;წინააღმდეგი:0;გადაწყვეტილებამიღებულია 
893რს	სულ:150;მომხრე:91;არესწრება:58;წინააღმდეგი:1;გადაწყვეტილებამიღებულია 
894რს	სულ:150;მომხრე:89;არესწრება:60;წინააღმდეგი:1;გადაწყვეტილებამიღებულია 
899რს	სულ:150;მომხრე:87;არესწრება:62;წინააღმდეგი:1;გადაწყვეტილებამიღებულია 
900რს	სულ:150;მომხრე:93;არესწრება:56;წინააღმდეგი:1;გადაწყვეტილებამიღებულია 
901რს	სულ:150;მომხრე:93;არესწრება:57;წინააღმდეგი:0;გადაწყვეტილებამიღებულია 
903რს	სულ:150;მომხრე:75;არესწრება:75;წინააღმდეგი:0;გადაწყვეტილებამიღებულია 
905რს	სულ:150;მომხრე:72;არესწრება:75;წინააღმდეგი:3;გადაწყვეტილებამიღებულია 
906რს	სულ:150;მომხრე:81;არესწრება:69;წინააღმდეგი:0;გადაწყვეტილებამიღებულია 
907რს	სულ:150;მომხრე:68;არესწრება:81;წინააღმდეგი:1;გადაწყვეტილებამიღებულია 
917რს	სულ:150;მომხრე:75;არესწრება:61;წინააღმდეგი:14;გადაწყვეტილებამიღებულია 
918რს	სულ:150;მომხრე:74;არესწრება:65;წინააღმდეგი:11;გადაწყვეტილებამიღებულია 
919რს	სულ:150;მომხრე:74;არესწრება:68;წინააღმდეგი:8;გადაწყვეტილებამიღებულია 
923რს	სულ:150;მომხრე:86;არესწრება:64;წინააღმდეგი:0;გადაწყვეტილებამიღებულია
